Vlado,Mirosevic
Luis,Rocafull
Nino,Baltolu
Hugo,Gutiérrez
Renzo,Trisotti
Ramón,Galleguillos
Catalina,Pérez
Esteban,Velásquez
Marcela,Hernando
Paulina,Núñez
José,Miguel
Jaime,Mulet
Daniella,Cicardini
Juan,Santana
Sofía,Cid
Nicolás,Noman
Juan,Manuel
Pedro,Velásquez
Daniel,Núñez
Raúl,Saldivar
Matías,Walker
Sergio,Gahona
Francisco,Eguiguren
Diego,Ibáñez
Marcelo,Schilling
Carolina,Marzán
Daniel,Verdessi
Pablo,Kast
Camila,Flores
Andrés,Longton
Luis,Pardo
Camila,Rojas
Jorge,Brito
Rodrigo,González
Marcelo,Díaz
Víctor,Torres
Andrés,Celis
María,José
Osvaldo,Urrutia
Claudia,Mix
Pablo,Vidal
Pepe,Auth
Carmen,Hertz
Gabriel,Silber
Mario,Desbordes
Patricio,Melero
Joaquín,Lavín
Maite,Orsini
Cristina,Girardi
Karol,Cariola
Boris,Barrera
Sebastián,Keitel
Jorge,Durán
Erika,Olivera
Giorgio,Jackson
Natalia,Castillo
Gonzalo,Winter
Maya,Fernández
Marcela,Sabat
Sebastián,Torrealba
Jorge,Alessandri
Luciano,Cruz-Coke
Tomás,Hircsh
Francisco,Undurraga
Gonzalo,Fuenzalida
Catalina,del
Karin,Luck
Guillermo,Ramírez
Miguel,Crispi
Pamela,Jiles
Camila,Vallejo
Amaro,Labra
Leopoldo,Pérez
Ximena,Ossandón
Álvaro,Carter
Gael,Yeomans
Guillermo,Teillier
Tucapel,Jiménez
Cristhian,Moreira
Eduardo,Durán
Marisela,Santibáñez
Renato,Garín
Leonardo,Soto
Raúl,Leiva
Juan,Antoni
Jaime,Bellolio
Juan,Lui
Raúl,Soto
Javier,Macaya
Issa,Kort
Diego,Schalper
Alejandra,Sepúlveda
Cosme,Mellado
Ramón,Barros
Virginia,Troncoso
Florcita,Alarcón
Alexis,Sepúlveda
Pablo,Lorenzini
Celso,Morales
Pedro,Pabl
Hugo,Rey
Pablo,Prieto
Jaime,Naranjo
Manuel,Jos
Ignacio,Urrutia
Rolando,Rentería
Carlos,Jarpa
Loreto,Carvajal
Jorge,Sabag
Gustavo,Sanhueza
Frank,Sauerbaum
Félix,Gonzále
Gastón,Saavedra
Jaime,Tohá
José,Migue
Francesca,Muñ
Leonidas,Romero
Enrique,Va
Sergio,Bobadilla
José,Pérez
Manuel,Monsalve
Cristóbal,Urruticoechea
Iván,Norambuena
María,Carolin
Andrea,Parra
Mario,Venegas
Diego,Paulsen
Jorge,Rathgeb
Ricardo,Celis
Fernando,Meza
Andrés,Molina
René,Manue
Sebastián,Álvarez
René,Saffirio
Marcos,Ilabaca
Patricio,Rosas
Iván,Flore
Bernardo,Berger
Gastón,von
Fidel,Espinoza
Emilia,Nuyado
Javier,Hernández
Harry,Jurgensen
Jenny,Álvarez
Gabriel,Ascencio
Alejandro,Santana
Carlos,Kuschel
Alejandro,Bernales
René,Alinco
Miguel,Ángel
Aracely,Leuquén
Gabriel,Boric
Karim,Bianchi
Sandra,Amar